InstanceType,CPU,Memory,Storage,Cost
linux-a0-basic,1,0.75,20,0.018
windows-a0-basic,1,0.75,20,0.018
linux-a1-basic,1,1.75,40,0.024
windows-a1-basic,1,1.75,40,0.035
linux-a2-basic,2,3.5,60,0.068
windows-a2-basic,2,3.5,60,0.11
linux-a3-basic,4,7,120,0.176
windows-a3-basic,4,7,120,0.296
linux-a4-basic,8,14,240,0.352
windows-a4-basic,8,14,240,0.592
linux-a0-standard,1,0.75,20,0.02
windows-a0-standard,1,0.75,20,0.02
linux-a1-standard,1,1.75,70,0.06
windows-a1-standard,1,1.75,70,0.09
linux-a2-standard,2,3.5,135,0.12
windows-a2-standard,2,3.5,135,0.18
linux-a3-standard,4,7,285,0.24
windows-a3-standard,4,7,285,0.36
linux-a4-standard,8,14,605,0.48
windows-a4-standard,8,14,605,0.72
linux-a5-standard,2,14,135,0.22
windows-a5-standard,2,14,135,0.3
linux-a6-standard,4,28,285,0.44
windows-a6-standard,4,28,285,0.6
linux-a7-standard,8,56,605,0.88
windows-a7-standard,8,56,605,1.2
linux-a1-lowpriority,1,1.75,70,0.012
windows-a1-lowpriority,1,1.75,70,0.036
linux-a2-lowpriority,2,3.5,135,0.024
windows-a2-lowpriority,2,3.5,135,0.072
linux-a3-lowpriority,4,7,285,0.048
windows-a3-lowpriority,4,7,285,0.144
linux-a4-lowpriority,8,14,605,0.096
windows-a4-lowpriority,8,14,605,0.288
linux-a5-lowpriority,2,14,135,0.044
windows-a5-lowpriority,2,14,135,0.12
linux-a6-lowpriority,4,28,285,0.088
windows-a6-lowpriority,4,28,285,0.24
linux-a7-lowpriority,8,56,605,0.176
windows-a7-lowpriority,8,56,605,0.48
linux-a1v2-lowpriority,1,2,10,0.009
windows-a1v2-lowpriority,1,2,10,0.026
linux-a2v2-lowpriority,2,4,20,0.018
windows-a2v2-lowpriority,2,4,20,0.054
linux-a4v2-lowpriority,4,8,40,0.038
windows-a4v2-lowpriority,4,8,40,0.114
linux-a8v2-lowpriority,8,16,80,0.08
windows-a8v2-lowpriority,8,16,80,0.24
linux-a1v2-standard,1,2,10,0.043
windows-a1v2-standard,1,2,10,0.065
linux-a2v2-standard,2,4,20,0.091
windows-a2v2-standard,2,4,20,0.136
linux-a4v2-standard,4,8,40,0.191
windows-a4v2-standard,4,8,40,0.286
linux-a8v2-standard,8,16,80,0.4
windows-a8v2-standard,8,16,80,0.6
linux-a2mv2-lowpriority,2,16,20,0.024
windows-a2mv2-lowpriority,2,16,20,0.072
linux-a4mv2-lowpriority,4,32,40,0.05
windows-a4mv2-lowpriority,4,32,40,0.151
linux-a8mv2-lowpriority,8,64,80,0.105
windows-a8mv2-lowpriority,8,64,80,0.318
linux-a2mv2-standard,2,16,20,0.119
windows-a2mv2-standard,2,16,20,0.18
linux-a4mv2-standard,4,32,40,0.249
windows-a4mv2-standard,4,32,40,0.378
linux-a8mv2-standard,8,64,80,0.524
windows-a8mv2-standard,8,64,80,0.794
linux-b1s-standard,1,1,4,0.0104
windows-b1s-standard,1,1,4,0.014
linux-b2s-standard,2,4,8,0.0416
windows-b2s-standard,2,4,8,0.0496
linux-b1ls-standard,1,0.5,4,0.0052
linux-b1ms-standard,1,2,4,0.0208
windows-b1ms-standard,1,2,4,0.0246
linux-b2ms-standard,2,8,16,0.0832
windows-b2ms-standard,2,8,16,0.0912
linux-b4ms-standard,4,16,32,0.166
windows-b4ms-standard,4,16,32,0.182
linux-b8ms-standard,8,32,64,0.333
windows-b8ms-standard,8,32,64,0.365
linux-b12ms-standard,12,48,96,0.499
windows-b12ms-standard,12,48,96,0.547
linux-b16ms-standard,16,64,128,0.666
windows-b16ms-standard,16,64,128,0.73
linux-b20ms-standard,20,80,160,0.832
windows-b20ms-standard,20,80,160,0.912
linux-d1-lowpriority,1,3.5,50,0.013
windows-d1-lowpriority,1,3.5,50,0.052
linux-d2-lowpriority,2,7,100,0.0268
windows-d2-lowpriority,2,7,100,0.104
linux-d3-lowpriority,4,14,200,0.0536
windows-d3-lowpriority,4,14,200,0.208
linux-d4-lowpriority,8,28,400,0.107
windows-d4-lowpriority,8,28,400,0.416
linux-d11-lowpriority,2,14,100,0.0347
windows-d11-lowpriority,2,14,100,0.097
linux-d12-lowpriority,4,28,200,0.069
windows-d12-lowpriority,4,28,200,0.194
linux-d13-lowpriority,8,56,400,0.139
windows-d13-lowpriority,8,56,400,0.389
linux-d14-lowpriority,16,112,800,0.277
windows-d14-lowpriority,16,112,800,0.778
linux-d1-standard,1,3.5,50,0.067
windows-d1-standard,1,3.5,50,0.13
linux-d2-standard,2,7,100,0.134
windows-d2-standard,2,7,100,0.26
linux-d3-standard,4,14,200,0.268
windows-d3-standard,4,14,200,0.52
linux-d4-standard,8,28,400,0.536
windows-d4-standard,8,28,400,1.04
linux-d11-standard,2,14,100,0.173
windows-d11-standard,2,14,100,0.243
linux-d12-standard,4,28,200,0.347
windows-d12-standard,4,28,200,0.486
linux-d13-standard,8,56,400,0.694
windows-d13-standard,8,56,400,0.972
linux-d14-standard,16,112,800,1.387
windows-d14-standard,16,112,800,1.944
linux-d2adsv5-standard,2,8,75,0.103
windows-d2adsv5-standard,2,8,75,0.195
linux-d4adsv5-standard,4,16,150,0.206
windows-d4adsv5-standard,4,16,150,0.39
linux-d8adsv5-standard,8,32,300,0.412
windows-d8adsv5-standard,8,32,300,0.78
linux-d16adsv5-standard,16,64,600,0.824
windows-d16adsv5-standard,16,64,600,1.56
linux-d32adsv5-standard,32,128,1200,1.648
windows-d32adsv5-standard,32,128,1200,3.12
linux-d48adsv5-standard,48,192,1800,2.472
windows-d48adsv5-standard,48,192,1800,4.68
linux-d64adsv5-standard,64,256,2400,3.296
windows-d64adsv5-standard,64,256,2400,6.24
linux-d96adsv5-standard,96,384,3600,4.944
windows-d96adsv5-standard,96,384,3600,9.36
linux-d2asv4-lowpriority,2,8,16,0.0192
windows-d2asv4-lowpriority,2,8,16,0.0752
linux-d4asv4-lowpriority,4,16,32,0.0384
windows-d4asv4-lowpriority,4,16,32,0.15
linux-d8asv4-lowpriority,8,32,64,0.0768
windows-d8asv4-lowpriority,8,32,64,0.301
linux-d16asv4-lowpriority,16,64,128,0.154
windows-d16asv4-lowpriority,16,64,128,0.602
linux-d32asv4-lowpriority,32,128,256,0.307
windows-d32asv4-lowpriority,32,128,256,1.203
linux-d48asv4-lowpriority,48,192,384,0.461
windows-d48asv4-lowpriority,48,192,384,1.805
linux-d64asv4-lowpriority,64,256,512,0.614
windows-d64asv4-lowpriority,64,256,512,2.406
linux-d96asv4-lowpriority,96,384,768,0.922
windows-d96asv4-lowpriority,96,384,768,3.61
linux-d2asv4-standard,2,8,16,0.096
windows-d2asv4-standard,2,8,16,0.188
linux-d4asv4-standard,4,16,32,0.192
windows-d4asv4-standard,4,16,32,0.376
linux-d8asv4-standard,8,32,64,0.384
windows-d8asv4-standard,8,32,64,0.752
linux-d16asv4-standard,16,64,128,0.768
windows-d16asv4-standard,16,64,128,1.504
linux-d32asv4-standard,32,128,256,1.536
windows-d32asv4-standard,32,128,256,3.008
linux-d48asv4-standard,48,192,384,2.304
windows-d48asv4-standard,48,192,384,4.512
linux-d64asv4-standard,64,256,512,3.072
windows-d64asv4-standard,64,256,512,6.016
linux-d96asv4-standard,96,384,768,4.608
windows-d96asv4-standard,96,384,768,9.024
linux-d2asv5-standard,2,8,,0.086
windows-d2asv5-standard,2,8,,0.178
linux-d4asv5-standard,4,16,,0.172
windows-d4asv5-standard,4,16,,0.356
linux-d8asv5-standard,8,32,,0.344
windows-d8asv5-standard,8,32,,0.712
linux-d16asv5-standard,16,64,,0.688
windows-d16asv5-standard,16,64,,1.424
linux-d32asv5-standard,32,128,,1.376
windows-d32asv5-standard,32,128,,2.848
linux-d48asv5-standard,48,192,,2.064
windows-d48asv5-standard,48,192,,4.272
linux-d64asv5-standard,64,256,,2.752
windows-d64asv5-standard,64,256,,5.696
linux-d96asv5-standard,96,384,,4.128
windows-d96asv5-standard,96,384,,8.544
linux-d2av4-lowpriority,2,8,50,0.0192
windows-d2av4-lowpriority,2,8,50,0.0752
linux-d4av4-lowpriority,4,16,100,0.0384
windows-d4av4-lowpriority,4,16,100,0.15
linux-d8av4-lowpriority,8,32,200,0.0768
windows-d8av4-lowpriority,8,32,200,0.301
linux-d16av4-lowpriority,16,64,400,0.154
windows-d16av4-lowpriority,16,64,400,0.602
linux-d32av4-lowpriority,32,128,800,0.307
windows-d32av4-lowpriority,32,128,800,1.203
linux-d48av4-lowpriority,48,192,1200,0.461
windows-d48av4-lowpriority,48,192,1200,1.805
linux-d64av4-lowpriority,64,256,1600,0.614
windows-d64av4-lowpriority,64,256,1600,2.406
linux-d96av4-lowpriority,96,384,2400,0.922
windows-d96av4-lowpriority,96,384,2400,3.61
linux-d2av4-standard,2,8,50,0.096
windows-d2av4-standard,2,8,50,0.188
linux-d4av4-standard,4,16,100,0.192
windows-d4av4-standard,4,16,100,0.376
linux-d8av4-standard,8,32,200,0.384
windows-d8av4-standard,8,32,200,0.752
linux-d16av4-standard,16,64,400,0.768
windows-d16av4-standard,16,64,400,1.504
linux-d32av4-standard,32,128,800,1.536
windows-d32av4-standard,32,128,800,3.008
linux-d48av4-standard,48,192,1200,2.304
windows-d48av4-standard,48,192,1200,4.512
linux-d64av4-standard,64,256,1600,3.072
windows-d64av4-standard,64,256,1600,6.016
linux-d96av4-standard,96,384,2400,4.608
windows-d96av4-standard,96,384,2400,9.024
linux-d2lsv5-standard,2,4,0,0.085
windows-d2lsv5-standard,2,4,0,0.177
linux-d4lsv5-standard,4,8,0,0.17
windows-d4lsv5-standard,4,8,0,0.354
linux-d8lsv5-standard,8,16,0,0.34
windows-d8lsv5-standard,8,16,0,0.708
linux-d16lsv5-standard,16,32,0,0.68
windows-d16lsv5-standard,16,32,0,1.416
linux-d32lsv5-standard,32,64,0,1.36
windows-d32lsv5-standard,32,64,0,2.832
linux-d48lsv5-standard,48,96,0,2.04
windows-d48lsv5-standard,48,96,0,4.248
linux-d64lsv5-standard,64,128,0,2.72
windows-d64lsv5-standard,64,128,0,5.664
linux-d96lsv5-standard,96,192,0,4.08
windows-d96lsv5-standard,96,192,0,8.496
linux-d2ldsv5-standard,2,4,75,0.096
windows-d2ldsv5-standard,2,4,75,0.188
linux-d4ldsv5-standard,4,8,150,0.192
windows-d4ldsv5-standard,4,8,150,0.376
linux-d8ldsv5-standard,8,16,300,0.384
windows-d8ldsv5-standard,8,16,300,0.752
linux-d16ldsv5-standard,16,32,600,0.768
windows-d16ldsv5-standard,16,32,600,1.504
linux-d32ldsv5-standard,32,64,1200,1.536
windows-d32ldsv5-standard,32,64,1200,3.008
linux-d48ldsv5-standard,48,96,1800,2.304
windows-d48ldsv5-standard,48,96,1800,4.512
linux-d64ldsv5-standard,64,128,2400,3.072
windows-d64ldsv5-standard,64,128,2400,6.016
linux-d96ldsv5-standard,96,192,3600,4.608
windows-d96ldsv5-standard,96,192,3600,9.024
linux-dc1dsv3-standard,1,8,75,0.113
windows-dc1dsv3-standard,1,8,75,0.159
linux-dc2dsv3-standard,2,16,150,0.226
windows-dc2dsv3-standard,2,16,150,0.318
linux-dc4dsv3-standard,4,32,300,0.452
windows-dc4dsv3-standard,4,32,300,0.636
linux-dc8dsv3-standard,8,64,600,0.904
windows-dc8dsv3-standard,8,64,600,1.272
linux-dc16dsv3-standard,16,128,1200,1.808
windows-dc16dsv3-standard,16,128,1200,2.544
linux-dc24dsv3-standard,24,192,1800,2.712
windows-dc24dsv3-standard,24,192,1800,3.816
linux-dc32dsv3-standard,32,256,2400,3.616
windows-dc32dsv3-standard,32,256,2400,5.088
linux-dc48dsv3-standard,48,384,2400,5.424
windows-dc48dsv3-standard,48,384,2400,7.632
linux-dc1sv3-standard,1,8,,0.096
windows-dc1sv3-standard,1,8,,0.142
linux-dc2sv3-standard,2,16,,0.192
windows-dc2sv3-standard,2,16,,0.284
linux-dc4sv3-standard,4,32,,0.384
windows-dc4sv3-standard,4,32,,0.568
linux-dc8sv3-standard,8,64,,0.768
windows-dc8sv3-standard,8,64,,1.136
linux-dc16sv3-standard,16,128,,1.536
windows-dc16sv3-standard,16,128,,2.272
linux-dc24sv3-standard,24,192,,2.304
windows-dc24sv3-standard,24,192,,3.408
linux-dc32sv3-standard,32,256,,3.072
windows-dc32sv3-standard,32,256,,4.544
linux-dc48sv3-standard,48,384,,4.608
windows-dc48sv3-standard,48,384,,6.816
linux-d2dsv4-lowpriority,2,8,75,0.0226
windows-d2dsv4-lowpriority,2,8,75,0.082
linux-d4dsv4-lowpriority,4,16,150,0.0452
windows-d4dsv4-lowpriority,4,16,150,0.164
linux-d8dsv4-lowpriority,8,32,300,0.0904
windows-d8dsv4-lowpriority,8,32,300,0.328
linux-d16dsv4-lowpriority,16,64,600,0.181
windows-d16dsv4-lowpriority,16,64,600,0.656
linux-d32dsv4-lowpriority,32,128,1200,0.362
windows-d32dsv4-lowpriority,32,128,1200,1.312
linux-d48dsv4-lowpriority,48,192,1800,0.542
windows-d48dsv4-lowpriority,48,192,1800,1.968
linux-d64dsv4-lowpriority,64,256,2400,0.723
windows-d64dsv4-lowpriority,64,256,2400,2.624
linux-d2dsv4-standard,2,8,75,0.113
windows-d2dsv4-standard,2,8,75,0.205
linux-d4dsv4-standard,4,16,150,0.226
windows-d4dsv4-standard,4,16,150,0.41
linux-d8dsv4-standard,8,32,300,0.452
windows-d8dsv4-standard,8,32,300,0.82
linux-d16dsv4-standard,16,64,600,0.904
windows-d16dsv4-standard,16,64,600,1.64
linux-d32dsv4-standard,32,128,1200,1.808
windows-d32dsv4-standard,32,128,1200,3.28
linux-d48dsv4-standard,48,192,1800,2.712
windows-d48dsv4-standard,48,192,1800,4.92
linux-d64dsv4-standard,64,256,2400,3.616
windows-d64dsv4-standard,64,256,2400,6.56
linux-d2dsv5-standard,2,8,75,0.113
windows-d2dsv5-standard,2,8,75,0.205
linux-d4dsv5-standard,4,16,150,0.226
windows-d4dsv5-standard,4,16,150,0.41
linux-d8dsv5-standard,8,32,300,0.452
windows-d8dsv5-standard,8,32,300,0.82
linux-d16dsv5-standard,16,64,600,0.904
windows-d16dsv5-standard,16,64,600,1.64
linux-d32dsv5-standard,32,128,1200,1.808
windows-d32dsv5-standard,32,128,1200,3.28
linux-d48dsv5-standard,48,192,1800,2.712
windows-d48dsv5-standard,48,192,1800,4.92
linux-d64dsv5-standard,64,256,2400,3.616
windows-d64dsv5-standard,64,256,2400,6.56
linux-d96dsv5-standard,96,384,3600,5.424
windows-d96dsv5-standard,96,384,3600,9.84
linux-d2dv4-lowpriority,2,8,75,0.0226
windows-d2dv4-lowpriority,2,8,75,0.082
linux-d4dv4-lowpriority,4,16,150,0.0452
windows-d4dv4-lowpriority,4,16,150,0.164
linux-d8dv4-lowpriority,8,32,300,0.0904
windows-d8dv4-lowpriority,8,32,300,0.328
linux-d16dv4-lowpriority,16,64,600,0.181
windows-d16dv4-lowpriority,16,64,600,0.656
linux-d32dv4-lowpriority,32,128,1200,0.362
windows-d32dv4-lowpriority,32,128,1200,1.312
linux-d48dv4-lowpriority,48,192,1800,0.542
windows-d48dv4-lowpriority,48,192,1800,1.968
linux-d64dv4-lowpriority,64,256,2400,0.723
windows-d64dv4-lowpriority,64,256,2400,2.624
linux-d2dv4-standard,2,8,75,0.113
windows-d2dv4-standard,2,8,75,0.205
linux-d4dv4-standard,4,16,150,0.226
windows-d4dv4-standard,4,16,150,0.41
linux-d8dv4-standard,8,32,300,0.452
windows-d8dv4-standard,8,32,300,0.82
linux-d16dv4-standard,16,64,600,0.904
windows-d16dv4-standard,16,64,600,1.64
linux-d32dv4-standard,32,128,1200,1.808
windows-d32dv4-standard,32,128,1200,3.28
linux-d48dv4-standard,48,192,1800,2.712
windows-d48dv4-standard,48,192,1800,4.92
linux-d64dv4-standard,64,256,2400,3.616
windows-d64dv4-standard,64,256,2400,6.56
linux-d2dv5-standard,2,8,75,0.113
windows-d2dv5-standard,2,8,75,0.205
linux-d4dv5-standard,4,16,150,0.226
windows-d4dv5-standard,4,16,150,0.41
linux-d8dv5-standard,8,32,300,0.452
windows-d8dv5-standard,8,32,300,0.82
linux-d16dv5-standard,16,64,600,0.904
windows-d16dv5-standard,16,64,600,1.64
linux-d32dv5-standard,32,128,1200,1.808
windows-d32dv5-standard,32,128,1200,3.28
linux-d48dv5-standard,48,192,1800,2.712
windows-d48dv5-standard,48,192,1800,4.92
linux-d64dv5-standard,64,256,2400,3.616
windows-d64dv5-standard,64,256,2400,6.56
linux-d96dv5-standard,96,384,3600,5.424
windows-d96dv5-standard,96,384,3600,9.84
linux-d2psv5-standard,2,8,0,0.077
linux-d4psv5-standard,4,16,0,0.154
linux-d8psv5-standard,8,32,0,0.308
linux-d16psv5-standard,16,64,0,0.616
linux-d32psv5-standard,32,128,0,1.232
linux-d48psv5-standard,48,192,0,1.848
linux-d64psv5-standard,64,208,0,2.464
linux-d2pdsv5-standard,2,8,75,0.0904
linux-d4pdsv5-standard,4,16,150,0.181
linux-d8pdsv5-standard,8,32,300,0.362
linux-d16pdsv5-standard,16,64,600,0.723
linux-d32pdsv5-standard,32,128,1200,1.446
linux-d48pdsv5-standard,48,192,1800,2.17
linux-d64pdsv5-standard,64,208,2400,2.893
linux-d2plsv5-standard,2,4,0,0.068
linux-d4plsv5-standard,4,8,0,0.136
linux-d8plsv5-standard,8,16,0,0.272
linux-d16plsv5-standard,16,32,0,0.544
linux-d32plsv5-standard,32,64,0,1.088
linux-d48plsv5-standard,48,96,0,1.632
linux-d64plsv5-standard,64,128,0,2.176
linux-d2pldsv5-standard,2,4,75,0.0768
linux-d4pldsv5-standard,4,8,150,0.154
linux-d8pldsv5-standard,8,16,300,0.307
linux-d16pldsv5-standard,16,32,600,0.614
linux-d32pldsv5-standard,32,64,1200,1.229
linux-d48pldsv5-standard,48,96,1800,1.843
linux-d64pldsv5-standard,64,128,2400,2.458
linux-d1s-standard,1,3.5,7,0.067
windows-d1s-standard,1,3.5,7,0.13
linux-d2s-standard,2,7,14,0.134
windows-d2s-standard,2,7,14,0.26
linux-d3s-standard,4,14,28,0.268
windows-d3s-standard,4,14,28,0.52
linux-d4s-standard,8,28,56,0.536
windows-d4s-standard,8,28,56,1.04
linux-d11s-standard,2,14,28,0.173
windows-d11s-standard,2,14,28,0.243
linux-d12s-standard,4,28,56,0.347
windows-d12s-standard,4,28,56,0.486
linux-d13s-standard,8,56,112,0.694
windows-d13s-standard,8,56,112,0.972
linux-d14s-standard,16,112,224,1.387
windows-d14s-standard,16,112,224,1.944
linux-ds1v2-standard,1,3.5,7,0.057
windows-ds1v2-standard,1,3.5,7,0.117
linux-ds2v2-standard,2,7,14,0.114
windows-ds2v2-standard,2,7,14,0.234
linux-ds3v2-standard,4,14,28,0.229
windows-ds3v2-standard,4,14,28,0.468
linux-ds4v2-standard,8,28,56,0.458
windows-ds4v2-standard,8,28,56,0.936
linux-ds5v2-standard,16,56,112,0.916
windows-ds5v2-standard,16,56,112,1.872
linux-ds11-1-v2-standard,1,14,28,0.149
windows-ds11-1-v2-standard,1,14,28,0.243
linux-ds11v2-standard,2,14,28,0.149
windows-ds11v2-standard,2,14,28,0.243
linux-ds12-1-v2-standard,1,28,56,0.299
windows-ds12-1-v2-standard,1,28,56,0.486
linux-ds12-2-v2-standard,2,28,56,0.299
windows-ds12-2-v2-standard,2,28,56,0.486
linux-ds12v2-standard,4,28,56,0.299
windows-ds12v2-standard,4,28,56,0.486
linux-ds13-2-v2-standard,2,56,112,0.598
windows-ds13-2-v2-standard,2,56,112,0.972
linux-ds13-4-v2-standard,4,56,112,0.598
windows-ds13-4-v2-standard,4,56,112,0.972
linux-ds13v2-standard,8,56,112,0.598
windows-ds13v2-standard,8,56,112,0.972
linux-ds14-4-v2-standard,4,112,224,1.196
windows-ds14-4-v2-standard,4,112,224,1.944
linux-ds14-8-v2-standard,8,112,224,1.196
windows-ds14-8-v2-standard,8,112,224,1.944
linux-ds14v2-standard,16,112,224,1.196
windows-ds14v2-standard,16,112,224,1.944
linux-ds15v2-standard,20,140,280,1.495
windows-ds15v2-standard,20,140,280,2.43
linux-ds1v2-lowpriority,1,3.5,7,0.011
windows-ds1v2-lowpriority,1,3.5,7,0.0468
linux-ds2v2-lowpriority,2,7,14,0.0229
windows-ds2v2-lowpriority,2,7,14,0.0936
linux-ds3v2-lowpriority,4,14,28,0.0458
windows-ds3v2-lowpriority,4,14,28,0.187
linux-ds4v2-lowpriority,8,28,56,0.0916
windows-ds4v2-lowpriority,8,28,56,0.374
linux-ds5v2-lowpriority,16,56,112,0.183
windows-ds5v2-lowpriority,16,56,112,0.749
linux-ds11v2-lowpriority,2,14,28,0.0299
windows-ds11v2-lowpriority,2,14,28,0.097
linux-ds12v2-lowpriority,4,28,56,0.0598
windows-ds12v2-lowpriority,4,28,56,0.194
linux-ds13v2-lowpriority,8,56,112,0.12
windows-ds13v2-lowpriority,8,56,112,0.389
linux-ds14v2-lowpriority,16,112,224,0.239
windows-ds14v2-lowpriority,16,112,224,0.778
linux-ds15v2-lowpriority,20,140,280,0.299
windows-ds15v2-lowpriority,20,140,280,0.972
linux-ds15iv2-standard,20,140,280,1.495
windows-ds15iv2-standard,20,140,280,2.43
linux-d2sv3-lowpriority,2,8,16,0.019
windows-d2sv3-lowpriority,2,8,16,0.075
linux-d4sv3-lowpriority,4,16,32,0.038
windows-d4sv3-lowpriority,4,16,32,0.15
linux-d8sv3-lowpriority,8,32,64,0.0768
windows-d8sv3-lowpriority,8,32,64,0.301
linux-d16sv3-lowpriority,16,64,128,0.154
windows-d16sv3-lowpriority,16,64,128,0.602
linux-d32sv3-lowpriority,32,128,256,0.307
windows-d32sv3-lowpriority,32,128,256,1.203
linux-d48sv3-lowpriority,48,192,384,0.461
windows-d48sv3-lowpriority,48,192,384,1.805
linux-d64sv3-lowpriority,64,256,512,0.614
windows-d64sv3-lowpriority,64,256,512,2.406
linux-d2sv3-standard,2,8,16,0.096
windows-d2sv3-standard,2,8,16,0.188
linux-d4sv3-standard,4,16,32,0.192
windows-d4sv3-standard,4,16,32,0.376
linux-d8sv3-standard,8,32,64,0.384
windows-d8sv3-standard,8,32,64,0.752
linux-d16sv3-standard,16,64,128,0.768
windows-d16sv3-standard,16,64,128,1.504
linux-d32sv3-standard,32,128,256,1.536
windows-d32sv3-standard,32,128,256,3.008
linux-d48sv3-standard,48,192,384,2.304
windows-d48sv3-standard,48,192,384,4.512
linux-d64sv3-standard,64,256,512,3.072
windows-d64sv3-standard,64,256,512,6.016
linux-d2sv4-lowpriority,2,8,0,0.0192
windows-d2sv4-lowpriority,2,8,0,0.0752
linux-d4sv4-lowpriority,4,16,0,0.0384
windows-d4sv4-lowpriority,4,16,0,0.15
linux-d8sv4-lowpriority,8,32,0,0.0768
windows-d8sv4-lowpriority,8,32,0,0.301
linux-d16sv4-lowpriority,16,64,0,0.154
windows-d16sv4-lowpriority,16,64,0,0.602
linux-d32sv4-lowpriority,32,128,0,0.307
windows-d32sv4-lowpriority,32,128,0,1.203
linux-d48sv4-lowpriority,48,192,0,0.461
windows-d48sv4-lowpriority,48,192,0,1.805
linux-d64sv4-lowpriority,64,256,0,0.614
windows-d64sv4-lowpriority,64,256,0,2.406
linux-d2sv4-standard,2,8,0,0.096
windows-d2sv4-standard,2,8,0,0.188
linux-d4sv4-standard,4,16,0,0.192
windows-d4sv4-standard,4,16,0,0.376
linux-d8sv4-standard,8,32,0,0.384
windows-d8sv4-standard,8,32,0,0.752
linux-d16sv4-standard,16,64,0,0.768
windows-d16sv4-standard,16,64,0,1.504
linux-d32sv4-standard,32,128,0,1.536
windows-d32sv4-standard,32,128,0,3.008
linux-d48sv4-standard,48,192,0,2.304
windows-d48sv4-standard,48,192,0,4.512
linux-d64sv4-standard,64,256,0,3.072
windows-d64sv4-standard,64,256,0,6.016
linux-d2sv5-standard,2,8,,0.096
windows-d2sv5-standard,2,8,,0.188
linux-d4sv5-standard,4,16,,0.192
windows-d4sv5-standard,4,16,,0.376
linux-d8sv5-standard,8,32,,0.384
windows-d8sv5-standard,8,32,,0.752
linux-d16sv5-standard,16,64,,0.768
windows-d16sv5-standard,16,64,,1.504
linux-d32sv5-standard,32,128,,1.536
windows-d32sv5-standard,32,128,,3.008
linux-d48sv5-standard,48,192,,2.304
windows-d48sv5-standard,48,192,,4.512
linux-d64sv5-standard,64,256,,3.072
windows-d64sv5-standard,64,256,,6.016
linux-d96sv5-standard,96,384,,4.608
windows-d96sv5-standard,96,384,,9.024
linux-d1v2-lowpriority,1,3.5,50,0.011
windows-d1v2-lowpriority,1,3.5,50,0.0468
linux-d2v2-lowpriority,2,7,100,0.0229
windows-d2v2-lowpriority,2,7,100,0.0936
linux-d3v2-lowpriority,4,14,200,0.0458
windows-d3v2-lowpriority,4,14,200,0.187
linux-d4v2-lowpriority,8,28,400,0.0916
windows-d4v2-lowpriority,8,28,400,0.374
linux-d5v2-lowpriority,16,56,800,0.183
windows-d5v2-lowpriority,16,56,800,0.749
linux-d11v2-lowpriority,2,14,100,0.0299
windows-d11v2-lowpriority,2,14,100,0.097
linux-d12v2-lowpriority,4,28,200,0.0598
windows-d12v2-lowpriority,4,28,200,0.194
linux-d13v2-lowpriority,8,56,400,0.12
windows-d13v2-lowpriority,8,56,400,0.389
linux-d14v2-lowpriority,16,112,800,0.239
windows-d14v2-lowpriority,16,112,800,0.778
linux-d15v2-lowpriority,20,140,1000,0.299
windows-d15v2-lowpriority,20,140,1000,0.972
linux-d1v2-standard,1,3.5,50,0.057
windows-d1v2-standard,1,3.5,50,0.117
linux-d2v2-standard,2,7,100,0.114
windows-d2v2-standard,2,7,100,0.234
linux-d3v2-standard,4,14,200,0.229
windows-d3v2-standard,4,14,200,0.468
linux-d4v2-standard,8,28,400,0.458
windows-d4v2-standard,8,28,400,0.936
linux-d5v2-standard,16,56,800,0.916
windows-d5v2-standard,16,56,800,1.872
linux-d11v2-standard,2,14,100,0.149
windows-d11v2-standard,2,14,100,0.243
linux-d12v2-standard,4,28,200,0.299
windows-d12v2-standard,4,28,200,0.486
linux-d13v2-standard,8,56,400,0.598
windows-d13v2-standard,8,56,400,0.972
linux-d14v2-standard,16,112,800,1.196
windows-d14v2-standard,16,112,800,1.944
linux-d15v2-standard,20,140,1000,1.495
windows-d15v2-standard,20,140,1000,2.43
linux-d15iv2-standard,20,140,1000,1.495
windows-d15iv2-standard,20,140,1000,2.43
linux-d2v3-lowpriority,2,8,50,0.019
windows-d2v3-lowpriority,2,8,50,0.075
linux-d4v3-lowpriority,4,16,100,0.038
windows-d4v3-lowpriority,4,16,100,0.15
linux-d8v3-lowpriority,8,32,200,0.0768
windows-d8v3-lowpriority,8,32,200,0.301
linux-d16v3-lowpriority,16,64,400,0.154
windows-d16v3-lowpriority,16,64,400,0.602
linux-d32v3-lowpriority,32,128,800,0.307
windows-d32v3-lowpriority,32,128,800,1.203
linux-d48v3-lowpriority,48,192,1200,0.461
windows-d48v3-lowpriority,48,192,1200,1.805
linux-d64v3-lowpriority,64,256,1600,0.614
windows-d64v3-lowpriority,64,256,1600,2.406
linux-d2v3-standard,2,8,50,0.096
windows-d2v3-standard,2,8,50,0.188
linux-d4v3-standard,4,16,100,0.192
windows-d4v3-standard,4,16,100,0.376
linux-d8v3-standard,8,32,200,0.384
windows-d8v3-standard,8,32,200,0.752
linux-d16v3-standard,16,64,400,0.768
windows-d16v3-standard,16,64,400,1.504
linux-d32v3-standard,32,128,800,1.536
windows-d32v3-standard,32,128,800,3.008
linux-d48v3-standard,48,192,1200,2.304
windows-d48v3-standard,48,192,1200,4.512
linux-d64v3-standard,64,256,1600,3.072
windows-d64v3-standard,64,256,1600,6.016
linux-d2v4-lowpriority,2,8,0,0.0192
windows-d2v4-lowpriority,2,8,0,0.0752
linux-d4v4-lowpriority,4,16,0,0.0384
windows-d4v4-lowpriority,4,16,0,0.15
linux-d8v4-lowpriority,8,32,0,0.0768
windows-d8v4-lowpriority,8,32,0,0.301
linux-d16v4-lowpriority,16,64,0,0.154
windows-d16v4-lowpriority,16,64,0,0.602
linux-d32v4-lowpriority,32,128,0,0.307
windows-d32v4-lowpriority,32,128,0,1.203
linux-d48v4-lowpriority,48,192,0,0.461
windows-d48v4-lowpriority,48,192,0,1.805
linux-d64v4-lowpriority,64,256,0,0.614
windows-d64v4-lowpriority,64,256,0,2.406
linux-d2v4-standard,2,8,0,0.096
windows-d2v4-standard,2,8,0,0.188
linux-d4v4-standard,4,16,0,0.192
windows-d4v4-standard,4,16,0,0.376
linux-d8v4-standard,8,32,0,0.384
windows-d8v4-standard,8,32,0,0.752
linux-d16v4-standard,16,64,0,0.768
windows-d16v4-standard,16,64,0,1.504
linux-d32v4-standard,32,128,0,1.536
windows-d32v4-standard,32,128,0,3.008
linux-d48v4-standard,48,192,0,2.304
windows-d48v4-standard,48,192,0,4.512
linux-d64v4-standard,64,256,0,3.072
windows-d64v4-standard,64,256,0,6.016
linux-d2v5-standard,2,8,,0.096
windows-d2v5-standard,2,8,,0.188
linux-d4v5-standard,4,16,,0.192
windows-d4v5-standard,4,16,,0.376
linux-d8v5-standard,8,32,,0.384
windows-d8v5-standard,8,32,,0.752
linux-d16v5-standard,16,64,,0.768
windows-d16v5-standard,16,64,,1.504
linux-d32v5-standard,32,128,,1.536
windows-d32v5-standard,32,128,,3.008
linux-d48v5-standard,48,192,,2.304
windows-d48v5-standard,48,192,,4.512
linux-d64v5-standard,64,256,,3.072
windows-d64v5-standard,64,256,,6.016
linux-d96v5-standard,96,384,,4.608
windows-d96v5-standard,96,384,,9.024
linux-e2adsv5-standard,2,16,75,0.131
windows-e2adsv5-standard,2,16,75,0.223
linux-e4-2adsv5-standard,2,32,150,0.262
windows-e4-2adsv5-standard,2,32,150,0.446
linux-e4adsv5-standard,4,32,150,0.262
windows-e4adsv5-standard,4,32,150,0.446
linux-e8-2adsv5-standard,2,64,300,0.524
windows-e8-2adsv5-standard,2,64,300,0.892
linux-e8-4adsv5-standard,4,64,300,0.524
windows-e8-4adsv5-standard,4,64,300,0.892
linux-e8adsv5-standard,8,64,300,0.524
windows-e8adsv5-standard,8,64,300,0.892
linux-e16-4adsv5-standard,4,128,600,1.048
windows-e16-4adsv5-standard,4,128,600,1.784
linux-e16-8adsv5-standard,8,128,600,1.048
windows-e16-8adsv5-standard,8,128,600,1.784
linux-e16adsv5-standard,16,128,600,1.048
windows-e16adsv5-standard,16,128,600,1.784
linux-e20adsv5-standard,20,160,750,1.31
windows-e20adsv5-standard,20,160,750,2.23
linux-e32-8adsv5-standard,8,256,1200,2.096
windows-e32-8adsv5-standard,8,256,1200,3.568
linux-e32-16adsv5-standard,16,256,1200,2.096
windows-e32-16adsv5-standard,16,256,1200,3.568
linux-e32adsv5-standard,32,256,1200,2.096
windows-e32adsv5-standard,32,256,1200,3.568
linux-e48adsv5-standard,48,384,1800,3.144
windows-e48adsv5-standard,48,384,1800,5.352
linux-e64-16adsv5-standard,16,512,2400,4.192
windows-e64-16adsv5-standard,16,512,2400,7.136
linux-e64-32adsv5-standard,32,512,2400,4.192
windows-e64-32adsv5-standard,32,512,2400,7.136
linux-e64adsv5-standard,64,512,2400,4.192
windows-e64adsv5-standard,64,512,2400,7.136
linux-e96-24adsv5-standard,24,672,3600,6.288
windows-e96-24adsv5-standard,24,672,3600,10.704
linux-e96-48adsv5-standard,48,672,3600,6.288
windows-e96-48adsv5-standard,48,672,3600,10.704
linux-e96adsv5-standard,96,672,3600,6.288
windows-e96adsv5-standard,96,672,3600,10.704
linux-e2asv4-lowpriority,2,16,32,0.0252
windows-e2asv4-lowpriority,2,16,32,0.0872
linux-e4-2as-v4-lowpriority,2,32,100,0.0504
windows-e4-2as-v4-lowpriority,2,32,100,0.174
linux-e4asv4-lowpriority,4,32,64,0.0504
windows-e4asv4-lowpriority,4,32,64,0.174
linux-e8-2as-v4-lowpriority,2,64,200,0.101
windows-e8-2as-v4-lowpriority,2,64,200,0.349
linux-e8-4as-v4-lowpriority,4,64,200,0.101
windows-e8-4as-v4-lowpriority,4,64,200,0.349
linux-e8asv4-lowpriority,8,64,128,0.101
windows-e8asv4-lowpriority,8,64,128,0.349
linux-e16-4as-v4-lowpriority,4,128,400,0.202
windows-e16-4as-v4-lowpriority,4,128,400,0.698
linux-e16-8as-v4-lowpriority,8,128,400,0.202
windows-e16-8as-v4-lowpriority,8,128,400,0.698
linux-e16asv4-lowpriority,16,128,256,0.202
windows-e16asv4-lowpriority,16,128,256,0.698
linux-e20asv4-lowpriority,20,160,320,0.252
windows-e20asv4-lowpriority,20,160,320,0.872
linux-e32-8as-v4-lowpriority,8,256,800,0.403
windows-e32-8as-v4-lowpriority,8,256,800,1.395
linux-e32-16as-v4-lowpriority,16,256,800,0.403
windows-e32-16as-v4-lowpriority,16,256,800,1.395
linux-e32asv4-lowpriority,32,256,512,0.403
windows-e32asv4-lowpriority,32,256,512,1.395
linux-e48asv4-lowpriority,48,384,768,0.605
windows-e48asv4-lowpriority,48,384,768,2.093
linux-e64-16as-v4-lowpriority,16,512,1600,0.806
windows-e64-16as-v4-lowpriority,16,512,1600,2.79
linux-e64-32as-v4-lowpriority,32,512,1600,0.806
windows-e64-32as-v4-lowpriority,32,512,1600,2.79
linux-e64asv4-lowpriority,64,432,864,0.806
windows-e64asv4-lowpriority,64,432,864,2.79
linux-e96-24as-v4-lowpriority,24,672,2400,1.21
windows-e96-24as-v4-lowpriority,24,672,2400,4.186
linux-e96-48as-v4-lowpriority,48,672,2400,1.21
windows-e96-48as-v4-lowpriority,48,672,2400,4.186
linux-e96asv4-lowpriority,96,672,1344,1.21
windows-e96asv4-lowpriority,96,672,1344,4.186
linux-e2asv4-standard,2,16,32,0.126
windows-e2asv4-standard,2,16,32,0.218
linux-e4-2as-v4-standard,2,32,64,0.252
windows-e4-2as-v4-standard,2,32,64,0.436
linux-e4asv4-standard,4,32,64,0.252
windows-e4asv4-standard,4,32,64,0.436
linux-e8-2as-v4-standard,2,64,128,0.504
windows-e8-2as-v4-standard,2,64,128,0.872
linux-e8-4as-v4-standard,4,64,128,0.504
windows-e8-4as-v4-standard,4,64,128,0.872
linux-e8asv4-standard,8,64,128,0.504
windows-e8asv4-standard,8,64,128,0.872
linux-e16-4as-v4-standard,4,128,256,1.008
windows-e16-4as-v4-standard,4,128,256,1.744
linux-e16-8as-v4-standard,8,128,256,1.008
windows-e16-8as-v4-standard,8,128,256,1.744
linux-e16asv4-standard,16,128,256,1.008
windows-e16asv4-standard,16,128,256,1.744
linux-e20asv4-standard,20,160,320,1.26
windows-e20asv4-standard,20,160,320,2.18
linux-e32-8as-v4-standard,8,256,512,2.016
windows-e32-8as-v4-standard,8,256,512,3.488
linux-e32-16as-v4-standard,16,256,512,2.016
windows-e32-16as-v4-standard,16,256,512,3.488
linux-e32asv4-standard,32,256,512,2.016
windows-e32asv4-standard,32,256,512,3.488
linux-e48asv4-standard,48,384,768,3.024
windows-e48asv4-standard,48,384,768,5.232
linux-e64-16as-v4-standard,16,512,1024,4.032
windows-e64-16as-v4-standard,16,512,1024,6.976
linux-e64-32as-v4-standard,32,512,1024,4.032
windows-e64-32as-v4-standard,32,512,1024,6.976
linux-e64asv4-standard,64,512,1024,4.032
windows-e64asv4-standard,64,512,1024,6.976
linux-e96-24as-v4-standard,24,672,1344,6.048
windows-e96-24as-v4-standard,24,672,1344,10.464
linux-e96-48as-v4-standard,48,672,1344,6.048
windows-e96-48as-v4-standard,48,672,1344,10.464
linux-e96asv4-standard,96,672,1344,6.048
windows-e96asv4-standard,96,672,1344,10.464
linux-e2asv5-standard,2,16,,0.113
windows-e2asv5-standard,2,16,,0.205
linux-e4-2asv5-standard,2,32,,0.226
windows-e4-2asv5-standard,2,32,,0.41
linux-e4asv5-standard,4,32,,0.226
windows-e4asv5-standard,4,32,,0.41
linux-e8-2asv5-standard,2,64,,0.452
windows-e8-2asv5-standard,2,64,,0.82
linux-e8-4asv5-standard,4,64,,0.452
windows-e8-4asv5-standard,4,64,,0.82
linux-e8asv5-standard,8,64,,0.452
windows-e8asv5-standard,8,64,,0.82
linux-e16-4asv5-standard,4,128,,0.904
windows-e16-4asv5-standard,4,128,,1.64
linux-e16-8asv5-standard,8,128,,0.904
windows-e16-8asv5-standard,8,128,,1.64
linux-e16asv5-standard,16,128,,0.904
windows-e16asv5-standard,16,128,,1.64
linux-e20asv5-standard,20,160,,1.13
windows-e20asv5-standard,20,160,,2.05
linux-e32-8asv5-standard,8,256,,1.808
windows-e32-8asv5-standard,8,256,,3.28
linux-e32-16asv5-standard,16,256,,1.808
windows-e32-16asv5-standard,16,256,,3.28
linux-e32asv5-standard,32,256,,1.808
windows-e32asv5-standard,32,256,,3.28
linux-e48asv5-standard,48,384,,2.712
windows-e48asv5-standard,48,384,,4.92
linux-e64-16asv5-standard,16,512,,3.616
windows-e64-16asv5-standard,16,512,,6.56
linux-e64-32asv5-standard,32,512,,3.616
windows-e64-32asv5-standard,32,512,,6.56
linux-e64asv5-standard,64,512,,3.616
windows-e64asv5-standard,64,512,,6.56
linux-e96-24asv5-standard,24,672,,5.424
windows-e96-24asv5-standard,24,672,,9.84
linux-e96-48asv5-standard,48,672,,5.424
windows-e96-48asv5-standard,48,672,,9.84
linux-e96asv5-standard,96,672,,5.424
windows-e96asv5-standard,96,672,,9.84
linux-e2av4-lowpriority,2,16,50,0.0252
windows-e2av4-lowpriority,2,16,50,0.0872
linux-e4av4-lowpriority,4,32,100,0.0504
windows-e4av4-lowpriority,4,32,100,0.174
linux-e8av4-lowpriority,8,64,200,0.101
windows-e8av4-lowpriority,8,64,200,0.349
linux-e16av4-lowpriority,16,128,400,0.202
windows-e16av4-lowpriority,16,128,400,0.698
linux-e20av4-lowpriority,20,160,500,0.252
windows-e20av4-lowpriority,20,160,500,0.872
linux-e32av4-lowpriority,32,256,800,0.403
windows-e32av4-lowpriority,32,256,800,1.395
linux-e48av4-lowpriority,48,384,1200,0.605
windows-e48av4-lowpriority,48,384,1200,2.093
linux-e64av4-lowpriority,64,432,1600,0.806
windows-e64av4-lowpriority,64,432,1600,2.79
linux-e96av4-lowpriority,96,672,2400,1.21
windows-e96av4-lowpriority,96,672,2400,4.186
linux-e2av4-standard,2,16,50,0.126
windows-e2av4-standard,2,16,50,0.218
linux-e4av4-standard,4,32,100,0.252
windows-e4av4-standard,4,32,100,0.436
linux-e8av4-standard,8,64,200,0.504
windows-e8av4-standard,8,64,200,0.872
linux-e16av4-standard,16,128,400,1.008
windows-e16av4-standard,16,128,400,1.744
linux-e20av4-standard,20,160,500,1.26
windows-e20av4-standard,20,160,500,2.18
linux-e32av4-standard,32,256,800,2.016
windows-e32av4-standard,32,256,800,3.488
linux-e48av4-standard,48,384,1200,3.024
windows-e48av4-standard,48,384,1200,5.232
linux-e64av4-standard,64,512,1600,4.032
windows-e64av4-standard,64,512,1600,6.976
linux-e96av4-standard,96,672,2400,6.048
windows-e96av4-standard,96,672,2400,10.464
linux-e2bdsv5-standard,2,16,75,0.167
windows-e2bdsv5-standard,2,16,75,0.259
linux-e4bdsv5-standard,4,32,150,0.334
windows-e4bdsv5-standard,4,32,150,0.518
linux-e8bdsv5-standard,8,64,300,0.668
windows-e8bdsv5-standard,8,64,300,1.036
linux-e16bdsv5-standard,16,128,600,1.336
windows-e16bdsv5-standard,16,128,600,2.072
linux-e32bdsv5-standard,32,256,1200,2.672
windows-e32bdsv5-standard,32,256,1200,4.144
linux-e48bdsv5-standard,48,384,1800,4.008
windows-e48bdsv5-standard,48,384,1800,6.216
linux-e64bdsv5-standard,64,512,2400,5.344
windows-e64bdsv5-standard,64,512,2400,8.288
linux-e96bdsv5-standard,96,672,3600,8.016
windows-e96bdsv5-standard,96,672,3600,12.432
linux-e112bdsv5-standard,112,672,3800,10.287
windows-e112bdsv5-standard,112,672,3800,15.439
linux-e2bsv5-standard,2,16,,0.149
windows-e2bsv5-standard,2,16,,0.241
linux-e4bsv5-standard,4,32,,0.298
windows-e4bsv5-standard,4,32,,0.482
linux-e8bsv5-standard,8,64,,0.596
windows-e8bsv5-standard,8,64,,0.964
linux-e16bsv5-standard,16,128,,1.192
windows-e16bsv5-standard,16,128,,1.928
linux-e32bsv5-standard,32,256,,2.384
windows-e32bsv5-standard,32,256,,3.856
linux-e48bsv5-standard,48,384,,3.576
windows-e48bsv5-standard,48,384,,5.784
linux-e64bsv5-standard,64,512,,4.768
windows-e64bsv5-standard,64,512,,7.712
linux-e96bsv5-standard,96,672,,7.152
windows-e96bsv5-standard,96,672,,11.568
linux-e112bsv5-standard,112,672,,9.178
windows-e112bsv5-standard,112,672,,14.33
linux-e2dsv4-lowpriority,2,16,75,0.0288
windows-e2dsv4-lowpriority,2,16,75,0.0944
linux-e4-2ds-v4-lowpriority,2,32,150,0.0576
windows-e4-2ds-v4-lowpriority,2,32,150,0.189
linux-e4dsv4-lowpriority,4,32,150,0.0576
windows-e4dsv4-lowpriority,4,32,150,0.189
linux-e8-2ds-v4-lowpriority,2,64,300,0.115
windows-e8-2ds-v4-lowpriority,2,64,300,0.378
linux-e8-4ds-v4-lowpriority,4,64,300,0.115
windows-e8-4ds-v4-lowpriority,4,64,300,0.378
linux-e8dsv4-lowpriority,8,64,300,0.115
windows-e8dsv4-lowpriority,8,64,300,0.378
linux-e16-4ds-v4-lowpriority,4,128,600,0.23
windows-e16-4ds-v4-lowpriority,4,128,600,0.755
linux-e16-8ds-v4-lowpriority,8,128,600,0.23
windows-e16-8ds-v4-lowpriority,8,128,600,0.755
linux-e16dsv4-lowpriority,16,128,600,0.23
windows-e16dsv4-lowpriority,16,128,600,0.755
linux-e20dsv4-lowpriority,20,160,750,0.288
windows-e20dsv4-lowpriority,20,160,750,0.944
linux-e32-8ds-v4-lowpriority,8,256,1200,0.461
windows-e32-8ds-v4-lowpriority,8,256,1200,1.51
linux-e32-16ds-v4-lowpriority,16,256,1200,0.461
windows-e32-16ds-v4-lowpriority,16,256,1200,1.51
linux-e32dsv4-lowpriority,32,256,1200,0.461
windows-e32dsv4-lowpriority,32,256,1200,1.51
linux-e48dsv4-lowpriority,48,384,1800,0.691
windows-e48dsv4-lowpriority,48,384,1800,2.266
linux-e64-16ds-v4-lowpriority,16,504,2400,0.922
windows-e64-16ds-v4-lowpriority,16,504,2400,3.021
linux-e64-32ds-v4-lowpriority,32,504,2400,0.922
windows-e64-32ds-v4-lowpriority,32,504,2400,3.021
linux-e64dsv4-lowpriority,64,504,2400,0.922
windows-e64dsv4-lowpriority,64,504,2400,3.021
linux-e2dsv4-standard,2,16,75,0.144
windows-e2dsv4-standard,2,16,75,0.236
linux-e4-2ds-v4-standard,2,32,150,0.288
windows-e4-2ds-v4-standard,2,32,150,0.472
linux-e4dsv4-standard,4,32,150,0.288
windows-e4dsv4-standard,4,32,150,0.472
linux-e8-2ds-v4-standard,2,64,300,0.576
windows-e8-2ds-v4-standard,2,64,300,0.944
linux-e8-4ds-v4-standard,4,64,300,0.576
windows-e8-4ds-v4-standard,4,64,300,0.944
linux-e8dsv4-standard,8,64,300,0.576
windows-e8dsv4-standard,8,64,300,0.944
linux-e16-4ds-v4-standard,4,128,600,1.152
windows-e16-4ds-v4-standard,4,128,600,1.888
linux-e16-8ds-v4-standard,8,128,600,1.152
windows-e16-8ds-v4-standard,8,128,600,1.888
linux-e16dsv4-standard,16,128,600,1.152
windows-e16dsv4-standard,16,128,600,1.888
linux-e20dsv4-standard,20,160,750,1.44
windows-e20dsv4-standard,20,160,750,2.36
linux-e32-8ds-v4-standard,8,256,1200,2.304
windows-e32-8ds-v4-standard,8,256,1200,3.776
linux-e32-16ds-v4-standard,16,256,1200,2.304
windows-e32-16ds-v4-standard,16,256,1200,3.776
linux-e32dsv4-standard,32,256,1200,2.304
windows-e32dsv4-standard,32,256,1200,3.776
linux-e48dsv4-standard,48,384,1800,3.456
windows-e48dsv4-standard,48,384,1800,5.664
linux-e64-16ds-v4-standard,16,504,2400,4.608
windows-e64-16ds-v4-standard,16,504,2400,7.552
linux-e64-32ds-v4-standard,32,504,2400,4.608
windows-e64-32ds-v4-standard,32,504,2400,7.552
linux-e64dsv4-standard,64,504,2400,4.608
windows-e64dsv4-standard,64,504,2400,7.552
linux-e80idsv4-standard,80,504,2400,5.76
windows-e80idsv4-standard,80,504,2400,9.44
linux-e2dsv5-standard,2,16,75,0.144
windows-e2dsv5-standard,2,16,75,0.236
linux-e4-2dsv5-standard,2,32,150,0.288
windows-e4-2dsv5-standard,2,32,150,0.472
linux-e4dsv5-standard,4,32,150,0.288
windows-e4dsv5-standard,4,32,150,0.472
linux-e8-2dsv5-standard,2,64,300,0.576
windows-e8-2dsv5-standard,2,64,300,0.944
linux-e8-4dsv5-standard,4,64,300,0.576
windows-e8-4dsv5-standard,4,64,300,0.944
linux-e8dsv5-standard,8,64,300,0.576
windows-e8dsv5-standard,8,64,300,0.944
linux-e16-4dsv5-standard,4,128,600,1.152
windows-e16-4dsv5-standard,4,128,600,1.888
linux-e16-8dsv5-standard,8,128,600,1.152
windows-e16-8dsv5-standard,8,128,600,1.888
linux-e16dsv5-standard,16,128,600,1.152
windows-e16dsv5-standard,16,128,600,1.888
linux-e20dsv5-standard,20,160,750,1.44
windows-e20dsv5-standard,20,160,750,2.36
linux-e32-8dsv5-standard,8,256,1200,2.304
windows-e32-8dsv5-standard,8,256,1200,3.776
linux-e32-16dsv5-standard,16,256,1200,2.304
windows-e32-16dsv5-standard,16,256,1200,3.776
linux-e32dsv5-standard,32,256,1200,2.304
windows-e32dsv5-standard,32,256,1200,3.776
linux-e48dsv5-standard,48,384,1800,3.456
windows-e48dsv5-standard,48,384,1800,5.664
linux-e64-16dsv5-standard,16,512,2400,4.608
windows-e64-16dsv5-standard,16,512,2400,7.552
linux-e64-32dsv5-standard,32,512,2400,4.608
windows-e64-32dsv5-standard,32,512,2400,7.552
linux-e64dsv5-standard,64,512,2400,4.608
windows-e64dsv5-standard,64,512,2400,7.552
linux-e96-24dsv5-standard,24,672,2400,6.912
windows-e96-24dsv5-standard,24,672,2400,11.328
linux-e96-48dsv5-standard,48,672,2400,6.912
windows-e96-48dsv5-standard,48,672,2400,11.328
linux-e96dsv5-standard,96,672,3600,6.912
windows-e96dsv5-standard,96,672,3600,11.328
linux-e104idsv5-standard,104,672,3900,8.237
windows-e104idsv5-standard,104,672,3900,13.021
linux-e2dv4-lowpriority,2,16,75,0.0288
windows-e2dv4-lowpriority,2,16,75,0.0944
linux-e4dv4-lowpriority,4,32,150,0.0576
windows-e4dv4-lowpriority,4,32,150,0.189
linux-e8dv4-lowpriority,8,64,300,0.115
windows-e8dv4-lowpriority,8,64,300,0.378
linux-e16dv4-lowpriority,16,128,600,0.23
windows-e16dv4-lowpriority,16,128,600,0.755
linux-e20dv4-lowpriority,20,160,750,0.288
windows-e20dv4-lowpriority,20,160,750,0.944
linux-e32dv4-lowpriority,32,256,1200,0.461
windows-e32dv4-lowpriority,32,256,1200,1.51
linux-e48dv4-lowpriority,48,384,1800,0.691
windows-e48dv4-lowpriority,48,384,1800,2.266
linux-e64dv4-lowpriority,64,504,2400,0.922
windows-e64dv4-lowpriority,64,504,2400,3.021
linux-e2dv4-standard,2,16,75,0.144
windows-e2dv4-standard,2,16,75,0.236
linux-e4dv4-standard,4,32,150,0.288
windows-e4dv4-standard,4,32,150,0.472
linux-e8dv4-standard,8,64,300,0.576
windows-e8dv4-standard,8,64,300,0.944
linux-e16dv4-standard,16,128,600,1.152
windows-e16dv4-standard,16,128,600,1.888
linux-e20dv4-standard,20,160,750,1.44
windows-e20dv4-standard,20,160,750,2.36
linux-e32dv4-standard,32,256,1200,2.304
windows-e32dv4-standard,32,256,1200,3.776
linux-e48dv4-standard,48,384,1800,3.456
windows-e48dv4-standard,48,384,1800,5.664
linux-e64dv4-standard,64,504,2400,4.608
windows-e64dv4-standard,64,504,2400,7.552
linux-e2dv5-standard,2,16,75,0.144
windows-e2dv5-standard,2,16,75,0.236
linux-e4dv5-standard,4,32,150,0.288
windows-e4dv5-standard,4,32,150,0.472
linux-e8dv5-standard,8,64,300,0.576
windows-e8dv5-standard,8,64,300,0.944
linux-e16dv5-standard,16,128,600,1.152
windows-e16dv5-standard,16,128,600,1.888
linux-e20dv5-standard,20,160,750,1.44
windows-e20dv5-standard,20,160,750,2.36
linux-e32dv5-standard,32,256,1200,2.304
windows-e32dv5-standard,32,256,1200,3.776
linux-e48dv5-standard,48,384,1800,3.456
windows-e48dv5-standard,48,384,1800,5.664
linux-e64dv5-standard,64,512,2400,4.608
windows-e64dv5-standard,64,512,2400,7.552
linux-e96dv5-standard,96,672,3600,6.912
windows-e96dv5-standard,96,672,3600,11.328
linux-e104idv5-standard,104,672,3900,8.237
windows-e104idv5-standard,104,672,3900,13.021
linux-e2psv5-standard,2,16,0,0.101
linux-e4psv5-standard,4,32,0,0.202
linux-e8psv5-standard,8,64,0,0.403
linux-e16psv5-standard,16,128,0,0.806
linux-e20psv5-standard,20,160,0,1.008
linux-e32psv5-standard,32,208,0,1.613
linux-e2pdsv5-standard,2,16,75,0.115
linux-e4pdsv5-standard,4,32,150,0.23
linux-e8pdsv5-standard,8,64,300,0.461
linux-e16pdsv5-standard,16,128,600,0.922
linux-e20pdsv5-standard,20,160,750,1.152
linux-e32pdsv5-standard,32,208,1200,1.843
linux-e2sv3-standard,2,16,32,0.133
windows-e2sv3-standard,2,16,32,0.225
linux-e4-2s-v3-standard,2,32,64,0.266
windows-e4-2s-v3-standard,2,32,64,0.45
linux-e4sv3-standard,4,32,64,0.266
windows-e4sv3-standard,4,32,64,0.45
linux-e8-2s-v3-standard,2,64,128,0.532
windows-e8-2s-v3-standard,2,64,128,0.9
linux-e8-4s-v3-standard,4,64,128,0.532
windows-e8-4s-v3-standard,4,64,128,0.9
linux-e8sv3-standard,8,64,128,0.532
windows-e8sv3-standard,8,64,128,0.9
linux-e16-4s-v3-standard,4,128,256,1.064
windows-e16-4s-v3-standard,4,128,256,1.8
linux-e16-8s-v3-standard,8,128,256,1.064
windows-e16-8s-v3-standard,8,128,256,1.8
linux-e16sv3-standard,16,128,256,1.064
windows-e16sv3-standard,16,128,256,1.8
linux-e20sv3-standard,20,160,320,1.46
windows-e20sv3-standard,20,160,320,2.48
linux-e32-8s-v3-standard,8,256,512,2.128
windows-e32-8s-v3-standard,8,256,512,3.6
linux-e32-16s-v3-standard,16,256,512,2.128
windows-e32-16s-v3-standard,16,256,512,3.6
linux-e32sv3-standard,32,256,512,2.128
windows-e32sv3-standard,32,256,512,3.6
linux-e48sv3-standard,48,384,768,3.024
windows-e48sv3-standard,48,384,768,5.232
linux-e64-16s-v3-standard,16,432,864,3.629
windows-e64-16s-v3-standard,16,432,864,6.573
linux-e64-32s-v3-standard,32,432,864,3.629
windows-e64-32s-v3-standard,32,432,864,6.573
linux-e64isv3-standard,64,432,864,3.629
windows-e64isv3-standard,64,432,864,6.573
linux-e64sv3-standard,64,432,864,3.629
windows-e64sv3-standard,64,432,864,6.573
linux-e2sv3-lowpriority,2,16,32,0.0252
windows-e2sv3-lowpriority,2,16,32,0.09
linux-e4sv3-lowpriority,4,32,64,0.053
windows-e4sv3-lowpriority,4,32,64,0.18
linux-e8sv3-lowpriority,8,64,128,0.106
windows-e8sv3-lowpriority,8,64,128,0.36
linux-e16sv3-lowpriority,16,128,256,0.213
windows-e16sv3-lowpriority,16,128,256,0.72
linux-e20sv3-lowpriority,20,160,320,0.252
windows-e20sv3-lowpriority,20,160,320,0.872
linux-e32sv3-lowpriority,32,256,512,0.426
windows-e32sv3-lowpriority,32,256,512,1.44
linux-e48sv3-lowpriority,48,384,768,0.605
windows-e48sv3-lowpriority,48,384,768,2.093
linux-e64sv3-lowpriority,64,432,864,0.726
windows-e64sv3-lowpriority,64,432,864,2.629
linux-e2sv4-lowpriority,2,16,0,0.0252
windows-e2sv4-lowpriority,2,16,0,0.0872
linux-e4-2s-v4-lowpriority,2,32,0,0.0504
windows-e4-2s-v4-lowpriority,2,32,0,0.174
linux-e4sv4-lowpriority,4,32,0,0.0504
windows-e4sv4-lowpriority,4,32,0,0.174
linux-e8-2s-v4-lowpriority,2,64,0,0.101
windows-e8-2s-v4-lowpriority,2,64,0,0.349
linux-e8-4s-v4-lowpriority,4,64,0,0.101
windows-e8-4s-v4-lowpriority,4,64,0,0.349
linux-e8sv4-lowpriority,8,64,0,0.101
windows-e8sv4-lowpriority,8,64,0,0.349
linux-e16-4s-v4-lowpriority,4,128,0,0.202
windows-e16-4s-v4-lowpriority,4,128,0,0.698
linux-e16-8s-v4-lowpriority,8,128,0,0.202
windows-e16-8s-v4-lowpriority,8,128,0,0.698
linux-e16sv4-lowpriority,16,128,0,0.202
windows-e16sv4-lowpriority,16,128,0,0.698
linux-e20sv4-lowpriority,20,160,0,0.252
windows-e20sv4-lowpriority,20,160,0,0.872
linux-e32-8s-v4-lowpriority,8,256,0,0.403
windows-e32-8s-v4-lowpriority,8,256,0,1.395
linux-e32-16s-v4-lowpriority,16,256,0,0.403
windows-e32-16s-v4-lowpriority,16,256,0,1.395
linux-e32sv4-lowpriority,32,256,0,0.403
windows-e32sv4-lowpriority,32,256,0,1.395
linux-e48sv4-lowpriority,48,384,0,0.605
windows-e48sv4-lowpriority,48,384,0,2.093
linux-e64-16s-v4-lowpriority,16,504,0,0.806
windows-e64-16s-v4-lowpriority,16,504,0,2.79
linux-e64-32s-v4-lowpriority,32,504,0,0.806
windows-e64-32s-v4-lowpriority,32,504,0,2.79
linux-e64sv4-lowpriority,64,504,0,0.806
windows-e64sv4-lowpriority,64,504,0,2.79
linux-e2sv4-standard,2,16,0,0.126
windows-e2sv4-standard,2,16,0,0.218
linux-e4-2s-v4-standard,2,32,0,0.252
windows-e4-2s-v4-standard,2,32,0,0.436
linux-e4sv4-standard,4,32,0,0.252
windows-e4sv4-standard,4,32,0,0.436
linux-e8-2s-v4-standard,2,64,0,0.504
windows-e8-2s-v4-standard,2,64,0,0.872
linux-e8-4s-v4-standard,4,64,0,0.504
windows-e8-4s-v4-standard,4,64,0,0.872
linux-e8sv4-standard,8,64,0,0.504
windows-e8sv4-standard,8,64,0,0.872
linux-e16-4s-v4-standard,4,128,0,1.008
windows-e16-4s-v4-standard,4,128,0,1.744
linux-e16-8s-v4-standard,8,128,0,1.008
windows-e16-8s-v4-standard,8,128,0,1.744
linux-e16sv4-standard,16,128,0,1.008
windows-e16sv4-standard,16,128,0,1.744
linux-e20sv4-standard,20,160,0,1.26
windows-e20sv4-standard,20,160,0,2.18
linux-e32-8s-v4-standard,8,256,0,2.016
windows-e32-8s-v4-standard,8,256,0,3.488
linux-e32-16s-v4-standard,16,256,0,2.016
windows-e32-16s-v4-standard,16,256,0,3.488
linux-e32sv4-standard,32,256,0,2.016
windows-e32sv4-standard,32,256,0,3.488
linux-e48sv4-standard,48,384,0,3.024
windows-e48sv4-standard,48,384,0,5.232
linux-e64-16s-v4-standard,16,504,0,4.032
windows-e64-16s-v4-standard,16,504,0,6.976
linux-e64-32s-v4-standard,32,504,0,4.032
windows-e64-32s-v4-standard,32,504,0,6.976
linux-e64sv4-standard,64,504,0,4.032
windows-e64sv4-standard,64,504,0,6.976
linux-e80isv4-standard,80,504,2400,5.04
windows-e80isv4-standard,80,504,2400,8.72
linux-e2sv5-standard,2,16,0,0.126
windows-e2sv5-standard,2,16,0,0.218
linux-e4-2sv5-standard,2,32,0,0.252
windows-e4-2sv5-standard,2,32,0,0.436
linux-e4sv5-standard,4,32,0,0.252
windows-e4sv5-standard,4,32,0,0.436
linux-e8-2sv5-standard,2,64,0,0.504
windows-e8-2sv5-standard,2,64,0,0.872
linux-e8-4sv5-standard,4,64,0,0.504
windows-e8-4sv5-standard,4,64,0,0.872
linux-e8sv5-standard,8,64,0,0.504
windows-e8sv5-standard,8,64,0,0.872
linux-e16-4sv5-standard,4,128,0,1.008
windows-e16-4sv5-standard,4,128,0,1.744
linux-e16-8sv5-standard,8,128,0,1.008
windows-e16-8sv5-standard,8,128,0,1.744
linux-e16sv5-standard,16,128,0,1.008
windows-e16sv5-standard,16,128,0,1.744
linux-e20sv5-standard,20,160,0,1.26
windows-e20sv5-standard,20,160,0,2.18
windows-e32-8sv5-standard,8,256,0,3.488
linux-e32-16sv5-standard,16,256,0,2.016
windows-e32-16sv5-standard,16,256,0,3.488
linux-e32-8sv5-standard,8,256,0,2.016
linux-e32sv5-standard,32,256,0,2.016
windows-e32sv5-standard,32,256,0,3.488
linux-e48sv5-standard,48,384,0,3.024
windows-e48sv5-standard,48,384,0,5.232
linux-e64-16sv5-standard,16,512,0,4.032
windows-e64-16sv5-standard,16,512,0,6.976
linux-e64-32sv5-standard,32,512,0,4.032
windows-e64-32sv5-standard,32,512,0,6.976
linux-e64sv5-standard,64,512,0,4.032
windows-e64sv5-standard,64,512,0,6.976
linux-e96-24sv5-standard,24,672,3600,6.048
windows-e96-24sv5-standard,24,672,3600,10.464
linux-e96-48sv5-standard,48,672,3600,6.048
windows-e96-48sv5-standard,48,672,3600,10.464
linux-e96sv5-standard,96,672,0,6.048
windows-e96sv5-standard,96,672,0,10.464
linux-e104isv5-standard,104,672,,7.207
windows-e104isv5-standard,104,672,,11.991
linux-e2v3-lowpriority,2,16,50,0.0252
windows-e2v3-lowpriority,2,16,50,0.09
linux-e4v3-lowpriority,4,32,100,0.053
windows-e4v3-lowpriority,4,32,100,0.18
linux-e8v3-lowpriority,8,64,200,0.106
windows-e8v3-lowpriority,8,64,200,0.36
linux-e16v3-lowpriority,16,128,800,0.213
windows-e16v3-lowpriority,16,128,400,0.72
linux-e20v3-lowpriority,20,160,500,0.252
windows-e20v3-lowpriority,20,160,500,0.872
linux-e32v3-lowpriority,32,256,800,0.426
windows-e32v3-lowpriority,32,256,800,1.44
linux-e48v3-lowpriority,48,384,1200,0.605
windows-e48v3-lowpriority,48,384,1200,2.093
linux-e64iv3-lowpriority,64,432,1600,0.726
windows-e64iv3-lowpriority,64,432,1600,2.629
linux-e64v3-lowpriority,64,432,1600,0.726
windows-e64v3-lowpriority,64,432,1600,2.629
linux-e2v3-standard,2,16,50,0.133
windows-e2v3-standard,2,16,50,0.225
linux-e4v3-standard,4,32,100,0.266
windows-e4v3-standard,4,32,100,0.45
linux-e8v3-standard,8,64,200,0.532
windows-e8v3-standard,8,64,200,0.9
linux-e16v3-standard,16,128,400,1.064
windows-e16v3-standard,16,128,400,1.8
linux-e20v3-standard,20,160,500,1.46
windows-e20v3-standard,20,160,600,2.48
linux-e32v3-standard,32,256,800,2.128
windows-e32v3-standard,32,256,800,3.6
linux-e48v3-standard,48,384,1200,3.024
windows-e48v3-standard,48,384,1200,5.232
linux-e64iv3-standard,64,432,1600,3.629
windows-e64iv3-standard,64,432,1600,6.573
linux-e64v3-standard,64,432,1600,3.629
windows-e64v3-standard,64,432,1600,6.573
linux-e2v4-lowpriority,2,16,0,0.0252
windows-e2v4-lowpriority,2,16,0,0.0872
linux-e4v4-lowpriority,4,32,0,0.0504
windows-e4v4-lowpriority,4,32,0,0.174
linux-e8v4-lowpriority,8,64,0,0.101
windows-e8v4-lowpriority,8,64,0,0.349
linux-e16v4-lowpriority,16,128,0,0.202
windows-e16v4-lowpriority,16,128,0,0.698
linux-e32v4-lowpriority,32,256,0,0.403
windows-e32v4-lowpriority,32,256,0,1.395
linux-e48v4-lowpriority,48,384,0,0.605
windows-e48v4-lowpriority,48,384,0,2.093
linux-e64v4-lowpriority,64,504,0,0.806
windows-e64v4-lowpriority,64,504,0,2.79
linux-e2v4-standard,2,16,0,0.126
windows-e2v4-standard,2,16,0,0.218
linux-e4v4-standard,4,32,0,0.252
windows-e4v4-standard,4,32,0,0.436
linux-e8v4-standard,8,64,0,0.504
windows-e8v4-standard,8,64,0,0.872
linux-e16v4-standard,16,128,0,1.008
windows-e16v4-standard,16,128,0,1.744
linux-e32v4-standard,32,256,0,2.016
windows-e32v4-standard,32,256,0,3.488
linux-e48v4-standard,48,384,0,3.024
windows-e48v4-standard,48,384,0,5.232
linux-e64v4-standard,64,504,0,4.032
windows-e64v4-standard,64,504,0,6.976
linux-e2v5-standard,2,16,,0.126
windows-e2v5-standard,2,16,,0.218
linux-e4v5-standard,4,32,,0.252
windows-e4v5-standard,4,32,,0.436
linux-e8v5-standard,8,64,,0.504
windows-e8v5-standard,8,64,,0.872
linux-e16v5-standard,16,128,,1.008
windows-e16v5-standard,16,128,,1.744
linux-e20v5-standard,20,160,,1.26
windows-e20v5-standard,20,160,,2.18
linux-e32v5-standard,32,256,,2.016
windows-e32v5-standard,32,256,,3.488
linux-e48v5-standard,48,384,,3.024
windows-e48v5-standard,48,384,,5.232
linux-e64v5-standard,64,512,,4.032
windows-e64v5-standard,64,512,,6.976
linux-e96v5-standard,96,672,,6.048
windows-e96v5-standard,96,672,,10.464
linux-e104iv5-standard,104,672,,7.207
windows-e104iv5-standard,104,672,,11.991
linux-f1-lowpriority,1,2,16,0.0099
windows-f1-lowpriority,1,2,16,0.038
linux-f2-lowpriority,2,4,32,0.0199
windows-f2-lowpriority,2,4,32,0.0766
linux-f4-lowpriority,4,8,64,0.0398
windows-f4-lowpriority,4,8,64,0.153
linux-f8-lowpriority,8,16,128,0.0796
windows-f8-lowpriority,8,16,128,0.306
linux-f16-lowpriority,16,32,256,0.159
windows-f16-lowpriority,16,32,256,0.613
linux-f1-standard,1,2,16,0.0497
windows-f1-standard,1,2,16,0.0957
linux-f2-standard,2,4,32,0.099
windows-f2-standard,2,4,32,0.192
linux-f4-standard,4,8,64,0.199
windows-f4-standard,4,8,64,0.383
linux-f8-standard,8,16,128,0.398
windows-f8-standard,8,16,128,0.766
linux-f16-standard,16,32,256,0.796
windows-f16-standard,16,32,256,1.532
linux-f1s-lowpriority,1,2,4,0.0099
windows-f1s-lowpriority,1,2,4,0.038
linux-f2s-lowpriority,2,4,8,0.0199
windows-f2s-lowpriority,2,4,8,0.0766
linux-f4s-lowpriority,4,8,16,0.0398
windows-f4s-lowpriority,4,8,16,0.153
linux-f8s-lowpriority,8,16,32,0.0796
windows-f8s-lowpriority,8,16,32,0.306
linux-f16s-lowpriority,16,32,64,0.159
windows-f16s-lowpriority,16,32,64,0.613
linux-f1s-standard,1,2,4,0.0497
windows-f1s-standard,1,2,4,0.0957
linux-f2s-standard,2,4,8,0.099
windows-f2s-standard,2,4,8,0.192
linux-f4s-standard,4,8,16,0.199
windows-f4s-standard,4,8,16,0.383
linux-f8s-standard,8,16,32,0.398
windows-f8s-standard,8,16,32,0.766
linux-f16s-standard,16,32,64,0.796
windows-f16s-standard,16,32,64,1.532
linux-f2sv2-lowpriority,2,4,16,0.0169
windows-f2sv2-lowpriority,2,4,16,0.065
linux-f4sv2-lowpriority,4,8,32,0.0338
windows-f4sv2-lowpriority,4,8,32,0.13
linux-f8sv2-lowpriority,8,16,64,0.0677
windows-f8sv2-lowpriority,8,16,64,0.26
linux-f16sv2-lowpriority,16,32,128,0.135
windows-f16sv2-lowpriority,16,32,128,0.521
linux-f32sv2-lowpriority,32,64,256,0.271
windows-f32sv2-lowpriority,32,64,256,1.042
linux-f48sv2-lowpriority,48,96,384,0.406
windows-f48sv2-lowpriority,48,96,384,1.696
linux-f64sv2-lowpriority,64,128,512,0.541
windows-f64sv2-lowpriority,64,128,512,2.084
linux-f72sv2-lowpriority,72,144,576,0.609
windows-f72sv2-lowpriority,72,144,576,2.344
linux-f2sv2-standard,2,4,16,0.0846
windows-f2sv2-standard,2,4,16,0.163
linux-f4sv2-standard,4,8,32,0.169
windows-f4sv2-standard,4,8,32,0.326
linux-f8sv2-standard,8,16,64,0.338
windows-f8sv2-standard,8,16,64,0.651
linux-f16sv2-standard,16,32,128,0.677
windows-f16sv2-standard,16,32,128,1.302
linux-f32sv2-standard,32,64,256,1.353
windows-f32sv2-standard,32,64,256,2.604
linux-f48sv2-standard,48,96,384,2.03
windows-f48sv2-standard,48,96,384,4.24
linux-f64sv2-standard,64,128,512,2.706
windows-f64sv2-standard,64,128,512,5.209
linux-f72sv2-standard,72,144,576,3.045
windows-f72sv2-standard,72,144,576,5.86
linux-g1-lowpriority,2,28,384,0.11
windows-g1-lowpriority,2,28,384,0.244
linux-g2-lowpriority,4,56,768,0.22
windows-g2-lowpriority,4,56,768,0.488
linux-g3-lowpriority,8,112,1536,0.44
windows-g3-lowpriority,8,112,1536,0.976
linux-g4-lowpriority,16,224,3072,0.88
windows-g4-lowpriority,16,224,3072,1.952
linux-g5-lowpriority,32,448,6144,1.564
windows-g5-lowpriority,32,448,6144,3.512
linux-g1-standard,2,28,384,0.55
windows-g1-standard,2,28,384,0.61
linux-g2-standard,4,56,768,1.1
windows-g2-standard,4,56,768,1.22
linux-g3-standard,8,112,1536,2.2
windows-g3-standard,8,112,1536,2.44
linux-g4-standard,16,224,3072,4.4
windows-g4-standard,16,224,3072,4.88
linux-g5-standard,32,448,6144,7.82
windows-g5-standard,32,448,6144,8.78
linux-gs4-4-standard,4,224,3072,4.4
windows-gs4-4-standard,4,224,3072,4.88
linux-gs4-8-standard,8,224,3072,4.4
windows-gs4-8-standard,8,224,3072,4.88
linux-gs5-8-standard,8,448,6144,7.82
windows-gs5-8-standard,8,448,6144,8.78
linux-gs5-16-standard,16,448,6144,7.82
windows-gs5-16-standard,16,448,6144,8.78
linux-gs1-standard,2,28,56,0.55
windows-gs1-standard,2,28,56,0.61
linux-gs2-standard,4,56,112,1.1
windows-gs2-standard,4,56,112,1.22
linux-gs3-standard,8,112,224,2.2
windows-gs3-standard,8,112,224,2.44
linux-gs4-standard,16,224,448,4.4
windows-gs4-standard,16,224,448,4.88
linux-gs5-standard,32,448,896,7.82
windows-gs5-standard,32,448,896,8.78
linux-hb176-24rs-v4-lowpriority,24,640,3600,1.44
linux-hb176-48rs-v4-lowpriority,48,640,3600,1.44
linux-hb176-96rs-v4-lowpriority,96,640,3600,1.44
linux-hb176-144rs-v4-lowpriority,144,640,3600,1.44
linux-hb176rsv4-lowpriority,176,656,3600,1.44
linux-hb176-24rs-v4-standard,24,640,3600,7.2
linux-hb176-48rs-v4-standard,48,640,3600,7.2
linux-hb176-96rs-v4-standard,96,640,3600,7.2
linux-hb176-144rs-v4-standard,144,640,3600,7.2
linux-hb176rsv4-standard,176,656,3600,7.2
linux-hx176-24rs-lowpriority,24,1300,3600,1.728
linux-hx176-48rs-lowpriority,48,1300,3600,1.728
linux-hx176-96rs-lowpriority,96,1300,3600,1.728
linux-hx176-144rs-lowpriority,144,1300,3600,1.728
linux-hx176rs-lowpriority,176,1300,3600,1.728
linux-hx176-24rs-standard,24,1300,3600,8.64
linux-hx176-48rs-standard,48,1300,3600,8.64
linux-hx176-96rs-standard,96,1300,3600,8.64
linux-hx176-144rs-standard,144,1300,3600,8.64
linux-hx176rs-standard,176,1300,3600,8.64
linux-l8asv3-standard,8,64,80,0.624
windows-l8asv3-standard,8,64,80,0.992
linux-l16asv3-standard,16,128,160,1.248
windows-l16asv3-standard,16,128,160,1.984
linux-l32asv3-standard,32,256,320,2.496
windows-l32asv3-standard,32,256,320,3.968
linux-l48asv3-standard,48,384,480,3.744
windows-l48asv3-standard,48,384,480,5.952
linux-l64asv3-standard,64,512,640,4.992
windows-l64asv3-standard,64,512,640,7.936
linux-l80asv3-standard,80,640,800,6.24
windows-l80asv3-standard,80,640,800,9.92
linux-l4s-standard,4,32,678,0.343
windows-l4s-standard,4,32,678,0.546
linux-l8s-standard,8,64,1388,0.686
windows-l8s-standard,8,64,1388,1.091
linux-l16s-standard,16,128,2807,1.373
windows-l16s-standard,16,128,2807,2.182
linux-l32s-standard,32,256,5630,2.746
windows-l32s-standard,32,256,5630,4.365
linux-l8sv2-lowpriority,8,64,80,0.125
windows-l8sv2-lowpriority,8,64,80,0.397
linux-l16sv2-lowpriority,16,128,160,0.25
windows-l16sv2-lowpriority,16,128,160,0.794
linux-l32sv2-lowpriority,32,256,320,0.499
windows-l32sv2-lowpriority,32,256,320,1.587
linux-l48sv2-lowpriority,48,384,480,0.749
windows-l48sv2-lowpriority,48,384,480,2.381
linux-l64sv2-lowpriority,64,512,640,0.998
windows-l64sv2-lowpriority,64,512,640,3.174
linux-l80sv2-lowpriority,80,640,800,1.248
windows-l80sv2-lowpriority,80,640,800,3.968
linux-l8sv2-standard,8,64,80,0.624
windows-l8sv2-standard,8,64,80,0.992
linux-l16sv2-standard,16,128,160,1.248
windows-l16sv2-standard,16,128,160,1.984
linux-l32sv2-standard,32,256,320,2.496
windows-l32sv2-standard,32,256,320,3.968
linux-l48sv2-standard,48,384,480,3.744
windows-l48sv2-standard,48,384,480,5.952
linux-l64sv2-standard,64,512,640,4.992
windows-l64sv2-standard,64,512,640,7.936
linux-l80sv2-standard,80,640,800,6.24
windows-l80sv2-standard,80,640,800,9.92
linux-l8sv3-standard,8,64,80,0.698
windows-l8sv3-standard,8,64,80,1.066
linux-l16sv3-standard,16,128,160,1.396
windows-l16sv3-standard,16,128,160,2.132
linux-l32sv3-standard,32,256,320,2.792
windows-l32sv3-standard,32,256,320,4.264
linux-l48sv3-standard,48,384,480,4.188
windows-l48sv3-standard,48,384,480,6.396
linux-l64sv3-standard,64,512,640,5.584
windows-l64sv3-standard,64,512,640,8.528
linux-l80sv3-standard,80,640,800,6.98
windows-l80sv3-standard,80,640,800,10.66
linux-m64-lowpriority,64,1024,7168,1.334
windows-m64-lowpriority,64,1024,7168,3.845
windows-m128-lowpriority,128,2048,14336,7.69
linux-m64-standard,64,1000,7168,6.669
windows-m64-standard,64,1000,7168,9.613
windows-m128-standard,128,2000,14336,19.226
linux-m32ls-lowpriority,32,256,1024,0.5746
windows-m32ls-lowpriority,32,256,1024,1.1634
linux-m64ls-lowpriority,64,512,2048,1.083
windows-m64ls-lowpriority,64,512,2048,2.2606
linux-m32ls-standard,32,256,1024,2.873
windows-m32ls-standard,32,256,1024,4.345
linux-m64ls-standard,64,512,2048,5.415
windows-m64ls-standard,64,512,2048,8.359
linux-m64m-lowpriority,64,1792,7168,2.067
windows-m64m-lowpriority,64,1792,7168,5.856
linux-m128m-lowpriority,128,3892,14336,5.3376
windows-m128m-lowpriority,128,3892,14336,14.3256
linux-m64m-standard,64,1750,7168,10.337
windows-m64m-standard,64,1750,7168,14.641
linux-m128m-standard,128,3800,14336,26.688
windows-m128m-standard,128,3800,14336,35.814
linux-m8-2ms-lowpriority,2,219,256,0.3073
windows-m8-2ms-lowpriority,2,219,256,0.843
linux-m8-4ms-lowpriority,4,219,256,0.3073
windows-m8-4ms-lowpriority,4,219,256,0.843
linux-m8ms-lowpriority,8,219,256,0.3073
windows-m8ms-lowpriority,8,219,256,0.843
linux-m16-4ms-lowpriority,4,438,256,0.6146
windows-m16-4ms-lowpriority,4,438,256,1.686
linux-m16-8ms-lowpriority,8,438,256,0.6146
windows-m16-8ms-lowpriority,8,438,256,1.686
linux-m16ms-lowpriority,16,438,512,0.6146
windows-m16ms-lowpriority,16,438,512,1.686
linux-m32-8ms-lowpriority,8,875,1024,1.2292
windows-m32-8ms-lowpriority,8,875,1024,3.371
linux-m32-16ms-lowpriority,16,875,1024,1.2292
windows-m32-16ms-lowpriority,16,875,1024,3.371
linux-m32ms-lowpriority,32,875,1024,1.2292
windows-m32ms-lowpriority,32,875,1024,3.371
linux-m64-16ms-lowpriority,16,1750,2048,2.067
windows-m64-16ms-lowpriority,16,1750,2048,5.856
linux-m64-32ms-lowpriority,32,1750,2048,2.067
windows-m64-32ms-lowpriority,32,1750,2048,5.856
linux-m64ms-lowpriority,64,1792,2048,2.067
windows-m64ms-lowpriority,64,1792,2048,5.856
linux-m128-32ms-lowpriority,32,3800,4096,5.3376
windows-m128-32ms-lowpriority,32,3800,4096,14.3256
linux-m128-64ms-lowpriority,64,3800,4096,5.3376
windows-m128-64ms-lowpriority,64,3800,4096,14.3256
linux-m128ms-lowpriority,128,3892,4096,5.3376
windows-m128ms-lowpriority,128,3892,4096,14.3256
linux-m8-2ms-standard,2,218.75,256,1.5365
windows-m8-2ms-standard,2,218.75,256,2.1069
linux-m8-4ms-standard,4,218.75,256,1.5365
windows-m8-4ms-standard,4,218.75,256,2.1069
linux-m8ms-standard,8,218.75,256,1.5365
windows-m8ms-standard,8,218.75,256,2.1069
linux-m16-4ms-standard,4,437.5,256,3.073
windows-m16-4ms-standard,4,437.5,256,4.2138
linux-m16-8ms-standard,8,437.5,256,3.073
windows-m16-8ms-standard,8,437.5,256,4.2138
linux-m16ms-standard,16,437.5,512,3.073
windows-m16ms-standard,16,437.5,512,4.2138
linux-m32-8ms-standard,8,875,1024,6.146
windows-m32-8ms-standard,8,875,1024,8.4276
linux-m32-16ms-standard,16,875,1024,6.146
windows-m32-16ms-standard,16,875,1024,8.4276
linux-m32ms-standard,32,875,1024,6.146
windows-m32ms-standard,32,875,1024,8.4276
linux-m64-16ms-standard,16,1750,2048,10.337
windows-m64-16ms-standard,16,1750,2048,14.641
linux-m64-32ms-standard,32,1750,2048,10.337
windows-m64-32ms-standard,32,1750,2048,14.641
linux-m64ms-standard,64,1750,2048,10.337
windows-m64ms-standard,64,1750,2048,14.641
linux-m128-32ms-standard,32,3800,4096,26.688
windows-m128-32ms-standard,32,3800,4096,35.814
linux-m128-64ms-standard,64,3800,4096,26.688
windows-m128-64ms-standard,64,3800,4096,35.814
linux-m128ms-standard,128,3800,4096,26.688
windows-m128ms-standard,128,3800,4096,35.814
linux-m64s-lowpriority,64,1024,2048,1.334
windows-m64s-lowpriority,64,1024,2048,3.845
linux-m128-lowpriority,128,2048,14336,2.668
linux-m128s-lowpriority,128,2048,4096,2.668
windows-m128s-lowpriority,128,2048,4096,7.69
linux-m64s-standard,64,1024,2048,6.669
windows-m64s-standard,64,1024,2048,9.613
linux-m128-standard,128,2000,14336,13.338
linux-m128s-standard,128,2000,4096,13.338
windows-m128s-standard,128,2000,4096,19.226
linux-m32ts-lowpriority,32,192,1024,0.541
windows-m32ts-lowpriority,32,192,1024,1.1302
linux-m32ts-standard,32,192,1024,2.707
windows-m32ts-standard,32,192,1024,4.179
linux-m32dmsv2-standard,32,875,1024,6.146
windows-m32dmsv2-standard,32,875,1024,7.618
linux-m64dmsv2-standard,64,1792,2048,10.34
windows-m64dmsv2-standard,64,1792,2048,13.284
linux-m64dsv2-standard,64,1024,2048,6.669
windows-m64dsv2-standard,64,1024,2048,9.613
linux-m128dmsv2-standard,128,3892,4096,26.69
windows-m128dmsv2-standard,128,3892,4096,32.578
linux-m128dsv2-standard,128,2048,4096,13.34
windows-m128dsv2-standard,128,2048,4096,19.228
linux-m192idmsv2-standard,192,4096,4096,32.064
windows-m192idmsv2-standard,192,4096,4096,40.896
linux-m192idsv2-standard,192,2048,4096,16.032
windows-m192idsv2-standard,192,2048,4096,24.864
linux-m32msv2-standard,32,875,0,6.041
windows-m32msv2-standard,32,875,0,7.513
linux-m64msv2-standard,64,1792,0,10.13
windows-m64msv2-standard,64,1792,0,13.073
linux-m64sv2-standard,64,1024,0,6.459
windows-m64sv2-standard,64,1024,0,9.403
linux-m128msv2-standard,128,3892,0,26.269
windows-m128msv2-standard,128,3892,0,32.157
linux-m128sv2-standard,128,2048,0,12.919
windows-m128sv2-standard,128,2048,0,18.807
linux-m192imsv2-standard,192,4096,0,31.643
windows-m192imsv2-standard,192,4096,0,40.476
linux-m192isv2-standard,192,2048,0,15.611
windows-m192isv2-standard,192,2048,0,24.444
linux-m208msv2-lowpriority,208,5700,4096,8.924
windows-m208msv2-lowpriority,208,5700,4096,21.675
linux-m416msv2-lowpriority,416,11400,8192,19.83
windows-m416msv2-lowpriority,416,11400,8192,47.314
linux-m208msv2-standard,208,5700,4096,44.62
windows-m208msv2-standard,208,5700,4096,54.188
linux-m416msv2-standard,416,11400,8192,99.15
windows-m416msv2-standard,416,11400,8192,118.29
linux-m208sv2-lowpriority,208,2850,4096,4.462
windows-m208sv2-lowpriority,208,2850,4096,12.751
linux-m416sv2-lowpriority,416,5700,8192,9.916
windows-m416sv2-lowpriority,416,5700,8192,27.486
linux-m208sv2-standard,208,2850,4096,22.31
windows-m208sv2-standard,208,2850,4096,31.878
linux-m416sv2-standard,416,5700,8192,49.58
windows-m416sv2-standard,416,5700,8192,68.716
linux-nc6-lowpriority,6,56,340,0.18
windows-nc6-lowpriority,6,56,340,0.434
linux-nc12-lowpriority,12,112,680,0.36
windows-nc12-lowpriority,12,112,680,0.867
linux-nc24-lowpriority,24,224,1440,0.72
windows-nc24-lowpriority,24,224,1440,1.734
linux-nc6-standard,6,56,340,0.9
windows-nc6-standard,6,56,340,1.084
linux-nc12-standard,12,112,680,1.8
windows-nc12-standard,12,112,680,2.168
linux-nc24-standard,24,224,1440,3.6
windows-nc24-standard,24,224,1440,4.336
windows-nc24r-lowpriority,24,224,1440,1.908
linux-nc24r-lowpriority,24,224,1440,0.792
linux-nc24r-standard,24,224,1440,3.96
windows-nc24r-standard,24,224,1440,4.77
linux-nc24adsv4-lowpriority,24,220,1123,0.735
windows-nc24adsv4-lowpriority,24,220,1123,1.911
linux-nc48adsv4-lowpriority,48,440,2246,1.469
windows-nc48adsv4-lowpriority,48,440,2246,3.822
linux-nc96adsv4-lowpriority,96,880,4492,2.938
windows-nc96adsv4-lowpriority,96,880,4492,7.643
windows-ng32adsv620v1-lowpriority,96,880,4492,7.643
linux-nc24adsv4-standard,24,220,1123,3.673
windows-nc24adsv4-standard,24,220,1123,4.777
linux-nc48adsv4-standard,48,440,2246,7.346
windows-nc48adsv4-standard,48,440,2246,9.554
linux-nc96adsv4-standard,96,880,4492,14.692
windows-nc96adsv4-standard,96,880,4492,19.108
linux-nc4ast4v3-lowpriority,4,28,180,0.105
windows-nc4ast4v3-lowpriority,4,28,180,0.284
linux-nc8ast4v3-lowpriority,8,56,360,0.15
windows-nc8ast4v3-lowpriority,8,56,360,0.448
linux-nc16ast4v3-lowpriority,16,110,360,0.241
windows-nc16ast4v3-lowpriority,16,110,360,0.776
linux-nc64ast4v3-lowpriority,64,448,2880,0.87
windows-nc64ast4v3-lowpriority,64,448,2880,2.918
linux-nc4ast4v3-standard,4,28,180,0.526
windows-nc4ast4v3-standard,4,28,180,0.71
linux-nc8ast4v3-standard,8,56,360,0.752
windows-nc8ast4v3-standard,8,56,360,1.12
linux-nc16ast4v3-standard,16,110,360,1.204
windows-nc16ast4v3-standard,16,110,360,1.94
linux-nc64ast4v3-standard,64,440,2880,4.352
windows-nc64ast4v3-standard,64,440,2880,7.296
linux-nc6sv3-lowpriority,6,112,736,0.612
windows-nc6sv3-lowpriority,6,112,336,1.33632
linux-nc12sv3-lowpriority,12,224,1474,1.224
windows-nc12sv3-lowpriority,12,224,672,2.67264
linux-nc24sv3-lowpriority,24,448,2948,2.448
windows-nc24sv3-lowpriority,24,448,1344,5.34528
linux-nc6sv3-standard,6,112,736,3.06
windows-nc6sv3-standard,6,112,336,3.3408
linux-nc12sv3-standard,12,224,1474,6.12
windows-nc12sv3-standard,12,224,672,6.6816
linux-nc24sv3-standard,24,448,2948,12.24
windows-nc24sv3-standard,24,448,1344,13.3632
linux-nc24rsv3-lowpriority,24,448,2948,2.6928
windows-nc24rsv3-lowpriority,24,448,1344,5.83488
linux-nc24rsv3-standard,24,448,2948,13.464
windows-nc24rsv3-standard,24,448,1344,14.5872
linux-ng8adsv620v1-lowpriority,8,16,256,0.219
windows-ng8adsv620v1-lowpriority,8,16,256,1.463
linux-ng16adsv620v1-lowpriority,16,32,512,0.438
windows-ng16adsv620v1-lowpriority,16,32,512,1.17
linux-ng32admsv620v1-lowpriority,32,176,1024,1.139
windows-ng32admsv620v1-lowpriority,32,176,1024,2.866
linux-ng32adsv620v1-lowpriority,32,64,1024,0.876
linux-ng8adsv620v1-standard,8,16,256,1.095
windows-ng8adsv620v1-standard,8,16,256,4.777
linux-ng16adsv620v1-standard,16,32,512,2.19
windows-ng16adsv620v1-standard,16,32,512,2.926
linux-ng32admsv620v1-standard,32,176,1024,5.694
windows-ng32admsv620v1-standard,32,176,1024,7.166
linux-ng32adsv620v1-standard,32,64,1024,4.38
windows-ng32adsv620v1-standard,32,64,1024,5.852
linux-nd96amsr-lowpriority,96,1923,6553,6.554
windows-nd96amsr-lowpriority,96,1923,6553,14.874
linux-nd96amsr-standard,96,1900,6400,32.77
windows-nd96amsr-standard,96,1900,6400,37.186
linux-nv6-lowpriority,6,56,340,0.2404
windows-nv6-lowpriority,6,56,340,0.564
linux-nv12-lowpriority,12,112,680,0.4808
windows-nv12-lowpriority,12,112,680,1.1288
linux-nv24-lowpriority,24,224,1440,0.9614
windows-nv24-lowpriority,24,224,1440,2.257
linux-nv6-standard,6,56,340,1.202
windows-nv6-standard,6,56,340,1.411
linux-nv12-standard,12,112,680,2.403
windows-nv12-standard,12,112,680,2.822
linux-nv24-standard,24,224,1440,4.807
windows-nv24-standard,24,224,1440,5.643
linux-nv12sv3-lowpriority,12,112,736,0.228
windows-nv12sv3-lowpriority,12,112,736,0.677
linux-nv24sv3-lowpriority,24,224,1474,0.456
windows-nv24sv3-lowpriority,24,224,1474,1.354
linux-nv48sv3-lowpriority,48,448,2948,0.912
windows-nv48sv3-lowpriority,48,448,2948,2.707
linux-nv12sv3-standard,12,112,736,1.14
windows-nv12sv3-standard,12,112,736,1.692
linux-nv24sv3-standard,24,224,1474,2.28
windows-nv24sv3-standard,24,224,1474,3.384
linux-nv48sv3-standard,48,448,2948,4.56
windows-nv48sv3-standard,48,448,2948,6.768
linux-nv4asv4-lowpriority,4,14,88,0.0466
windows-nv4asv4-lowpriority,4,14,88,0.167
linux-nv8asv4-lowpriority,8,28,176,0.0932
windows-nv8asv4-lowpriority,8,28,176,0.334
linux-nv16asv4-lowpriority,16,56,352,0.186
windows-nv16asv4-lowpriority,16,56,352,0.667
linux-nv32asv4-lowpriority,32,112,700,0.373
windows-nv32asv4-lowpriority,32,112,700,1.334
linux-nv4asv4-standard,4,14,88,0.233
windows-nv4asv4-standard,4,14,88,0.417
linux-nv8asv4-standard,8,28,176,0.466
windows-nv8asv4-standard,8,28,176,0.834
linux-nv16asv4-standard,16,56,352,0.932
windows-nv16asv4-standard,16,56,352,1.668
linux-nv32asv4-standard,32,112,700,1.864
windows-nv32asv4-standard,32,112,700,3.336
linux-nv6adsv5-lowpriority,6,55,180,0.0908
windows-nv6adsv5-lowpriority,6,55,180,0.292
linux-nv12adsv5-lowpriority,12,110,320,0.182
windows-nv12adsv5-lowpriority,12,110,320,0.584
linux-nv18adsv5-lowpriority,18,220,720,0.32
windows-nv18adsv5-lowpriority,18,220,720,0.971
linux-nv36admsv5-lowpriority,36,880,720,0.904
windows-nv36admsv5-lowpriority,36,880,720,2.47
linux-nv36adsv5-lowpriority,36,440,720,0.64
windows-nv36adsv5-lowpriority,36,440,720,1.942
linux-nv72adsv5-lowpriority,72,880,1400,1.304
windows-nv72adsv5-lowpriority,72,880,1400,3.933
linux-nv6adsv5-standard,6,55,180,0.454
windows-nv6adsv5-standard,6,55,180,0.73
linux-nv12adsv5-standard,12,110,320,0.908
windows-nv12adsv5-standard,12,110,320,1.46
linux-nv18adsv5-standard,18,220,720,1.6
windows-nv18adsv5-standard,18,220,720,2.428
linux-nv36admsv5-standard,36,880,720,4.52
windows-nv36admsv5-standard,36,880,720,6.176
linux-nv36adsv5-standard,36,440,720,3.2
windows-nv36adsv5-standard,36,440,720,4.856
linux-nv72adsv5-standard,72,880,1400,6.52
windows-nv72adsv5-standard,72,880,1400,9.832
